CODE;X_LONG;Y_LAT
CARZO_0;-70.63423472;-17.41171433
CARZO_1;-70.65519369;-17.4268557
CARZO_2;-70.65517031;-17.42694648
CARZO_3;-70.65517651;-17.42699727
CARZO_4;-70.63407658;-17.41181027
CARZO_5;-70.63431898;-17.41205435
CARZO_6;-70.63525717;-17.41261502
CARZO_7;-70.63605085;-17.41303923
CARZO_8;-70.63611078;-17.41302062
CARZO_9;-70.63613559;-17.41308466
CARZO_10;-70.64918789;-17.42404056
CARZO_11;-70.65149576;-17.42458127
CARZO_12;-70.65151496;-17.42454691
CARZO_13;-70.65152686;-17.4245418
CARZO_14;-70.65158964;-17.42452227
CARZO_15;-70.65171638;-17.42455026
CARZO_16;-70.65180648;-17.42456124
CARZO_17;-70.65182718;-17.42460089
CARZO_18;-70.65180279;-17.42460215
CARZO_19;-70.65195342;-17.42470616
CARZO_20;-70.65198912;-17.4246744
CARZO_21;-70.65244158;-17.42502426
CARZO_22;-70.6523757;-17.42502099
CARZO_23;-70.65250888;-17.42534906
CARZO_24;-70.65239942;-17.42521076
CARZO_25;-70.66004271;-17.4286439
CARZO_26;-70.66003785;-17.42866754
CARZO_27;-70.65980022;-17.42914782
CARZO_28;-70.65976334;-17.42914162
CARZO_29;-70.65974238;-17.42913801
CARZO_30;-70.65976133;-17.4291329
CARZO_31;-70.65976032;-17.42913231
CARZO_32;-70.66307042;-17.43075916
CARZO_33;-70.66385237;-17.43050938
CARZO_34;-70.66384021;-17.43050862
CARZO_35;-70.66486716;-17.43141529
CARZO_36;-70.66487588;-17.43145393
CARZO_37;-70.66488158;-17.43149115
CARZO_38;-70.66491226;-17.43148981
CARZO_39;-70.66532766;-17.43192005
CARZO_40;-70.66537913;-17.43196179
CARZO_41;-70.66597324;-17.43239405
CARZO_42;-70.66599252;-17.43240771
CARZO_43;-70.66596477;-17.43245943
CARZO_44;-70.66603929;-17.43243805
CARZO_45;-70.66600207;-17.43235205
CARZO_46;-70.66619938;-17.43243713
CARZO_47;-70.66620483;-17.43243956
CARZO_48;-70.66620659;-17.43243998
CARZO_49;-70.66622235;-17.43247418
CARZO_50;-70.66650616;-17.43270158
CARZO_51;-70.66650021;-17.43273779
CARZO_52;-70.66675485;-17.43255733
CARZO_53;-70.66676516;-17.43255464
CARZO_54;-70.666752;-17.43279059
CARZO_55;-70.6667251;-17.43282546
CARZO_56;-70.666708;-17.43283426
CARZO_57;-70.66669593;-17.43283921
CARZO_58;-70.66670347;-17.43283963
CARZO_59;-70.66676114;-17.43280828
CARZO_60;-70.66676273;-17.43286561
CARZO_61;-70.66672334;-17.43286997
CARZO_62;-70.66674848;-17.43286955
CARZO_63;-70.66675737;-17.43287601
CARZO_64;-70.66676918;-17.43287609
CARZO_65;-70.66676994;-17.43287642
CARZO_66;-70.6667893;-17.43287743
CARZO_67;-70.66678586;-17.43287894
CARZO_68;-70.66679542;-17.43293895
CARZO_69;-70.66681411;-17.43290828
CARZO_70;-70.66682375;-17.43293426
CARZO_71;-70.66732356;-17.43309352
CARZO_72;-70.66740252;-17.43310726
CARZO_73;-70.6674166;-17.43311355
CARZO_74;-70.66745793;-17.43305848
CARZO_75;-70.66853207;-17.43395635
CARZO_76;-70.66851472;-17.43401075
CARZO_77;-70.66853785;-17.43398577
CARZO_78;-70.66870951;-17.43420705
CARZO_79;-70.66893892;-17.43448089
CARZO_80;-70.6689499;-17.43445817
CARZO_81;-70.66900631;-17.43470435
CARZO_82;-70.66926942;-17.43481734
CARZO_83;-70.66930764;-17.43483368
CARZO_84;-70.66977535;-17.43559635
CARZO_85;-70.66977669;-17.43563575
CARZO_86;-70.66985406;-17.43559987
CARZO_87;-70.66995347;-17.43570431
CARZO_88;-70.66993729;-17.43568277
CARZO_89;-70.6702983;-17.43625567
CARZO_90;-70.67029989;-17.43627579
CARZO_91;-70.67030786;-17.43628811
CARZO_92;-70.67031858;-17.43626866
CARZO_93;-70.6706055;-17.43619214
CARZO_94;-70.67076827;-17.43623296
CARZO_95;-70.67089065;-17.43627059
CARZO_96;-70.67087146;-17.43626967
CARZO_97;-70.67133531;-17.43664074
CARZO_98;-70.67135962;-17.43667225
CARZO_99;-70.67137638;-17.43671693
CARZO_100;-70.67139197;-17.43673302
CARZO_101;-70.67127555;-17.43689287
CARZO_102;-70.67103205;-17.43692254
CARZO_103;-70.67103054;-17.43691424
CARZO_104;-70.67099475;-17.43691944
CARZO_105;-70.67098838;-17.43692522
CARZO_106;-70.67098863;-17.43692162
CARZO_107;-70.67098729;-17.43692078
CARZO_108;-70.67098419;-17.43691516
CARZO_109;-70.67098595;-17.43688624
CARZO_110;-70.67096391;-17.43687954
CARZO_111;-70.67093549;-17.43689287
CARZO_112;-70.67095293;-17.436916
CARZO_113;-70.67095217;-17.43691457
CARZO_114;-70.67095737;-17.43697828
CARZO_115;-70.67082611;-17.43691365
CARZO_116;-70.67079686;-17.43692396
CARZO_117;-70.67079887;-17.43689639
CARZO_118;-70.67081253;-17.43687493
CARZO_119;-70.66974518;-17.4373045
CARZO_120;-70.66977669;-17.43729629
CARZO_121;-70.66949263;-17.43680678
CARZO_122;-70.66937319;-17.43680603
CARZO_123;-70.66936548;-17.43675976
CARZO_124;-70.66935592;-17.4367544
CARZO_125;-70.66936129;-17.43677543
CARZO_126;-70.6690737;-17.43637947
CARZO_127;-70.66892032;-17.43613548
CARZO_128;-70.66916733;-17.43588888
CARZO_129;-70.66887832;-17.43590137
CARZO_130;-70.66879584;-17.43596382
CARZO_131;-70.66865017;-17.43590305
CARZO_132;-70.66865226;-17.43580976
CARZO_133;-70.66867749;-17.43581185
CARZO_134;-70.66877975;-17.43555243
CARZO_135;-70.66875209;-17.43558085
CARZO_136;-70.66874187;-17.43554824
CARZO_137;-70.66845076;-17.43560901
CARZO_138;-70.66865134;-17.43536132
CARZO_139;-70.66867456;-17.43538639
CARZO_140;-70.6685355;-17.43530919
CARZO_141;-70.66851622;-17.43526342
CARZO_142;-70.66849569;-17.43509822
CARZO_143;-70.66841765;-17.43515479
CARZO_144;-70.66819905;-17.4351786
CARZO_145;-70.66827633;-17.43531279
CARZO_146;-70.6681864;-17.43517491
CARZO_147;-70.66816485;-17.4351848
CARZO_148;-70.66815949;-17.43512085
CARZO_149;-70.66748232;-17.43465959
CARZO_150;-70.6674829;-17.43465875
CARZO_151;-70.66750319;-17.43465171
CARZO_152;-70.66747544;-17.4345404
CARZO_153;-70.66727218;-17.4342788
CARZO_154;-70.66651152;-17.43417906
CARZO_155;-70.66616653;-17.43383255
CARZO_156;-70.66619653;-17.433781
CARZO_157;-70.66604951;-17.43372451
CARZO_158;-70.66608103;-17.43366944
CARZO_159;-70.66535993;-17.43352192
CARZO_160;-70.66537754;-17.43356424
CARZO_161;-70.66537133;-17.4335655
CARZO_162;-70.66525885;-17.43348545
CARZO_163;-70.66515223;-17.43312637
CARZO_164;-70.66512457;-17.43310969
CARZO_165;-70.66504905;-17.43309519
CARZO_166;-70.66507084;-17.43307499
CARZO_167;-70.66329044;-17.43207294
CARZO_168;-70.66330268;-17.43207319
CARZO_169;-70.66332296;-17.43205265
CARZO_170;-70.66332364;-17.43204989
CARZO_171;-70.66340209;-17.43205768
CARZO_172;-70.66340502;-17.4320845
CARZO_173;-70.66343277;-17.43208341
CARZO_174;-70.66342648;-17.43208081
CARZO_175;-70.66339907;-17.43208853
CARZO_176;-70.66338097;-17.43236756
CARZO_177;-70.66361097;-17.43239497
CARZO_178;-70.66363544;-17.43268808
CARZO_179;-70.66365866;-17.43270141
CARZO_180;-70.66378338;-17.43210663
CARZO_181;-70.66377517;-17.43214234
CARZO_182;-70.66379956;-17.43212113
CARZO_183;-70.66381507;-17.43212298
CARZO_184;-70.66381498;-17.43212407
CARZO_185;-70.66381959;-17.43215256
CARZO_186;-70.66384289;-17.43214904
CARZO_187;-70.66384507;-17.43214871
CARZO_188;-70.66384566;-17.43214862
CARZO_189;-70.66388849;-17.43218509
CARZO_190;-70.66392512;-17.43221032
CARZO_191;-70.66406418;-17.43204712
CARZO_192;-70.66435385;-17.4322793
CARZO_193;-70.6643531;-17.43258901
CARZO_194;-70.66464345;-17.43338269
CARZO_195;-70.66518182;-17.43383054
CARZO_196;-70.66504561;-17.43397563
CARZO_197;-70.66453314;-17.43335168
CARZO_198;-70.66450632;-17.43333508
CARZO_199;-70.66442099;-17.4333065
CARZO_200;-70.66281594;-17.43234124
CARZO_201;-70.66201891;-17.43210311
CARZO_202;-70.66176544;-17.43205257
CARZO_203;-70.66175329;-17.43202591
CARZO_204;-70.66169051;-17.43200588
CARZO_205;-70.66168204;-17.43199624
CARZO_206;-70.66167709;-17.43201016
CARZO_207;-70.66130653;-17.43176884
CARZO_208;-70.66126739;-17.43182165
CARZO_209;-70.66128432;-17.43182768
CARZO_210;-70.66128893;-17.43182668
CARZO_211;-70.66124023;-17.43180379
CARZO_212;-70.66126429;-17.43181335
CARZO_213;-70.66126445;-17.43181243
CARZO_214;-70.66134685;-17.43179717
CARZO_215;-70.66127837;-17.43177311
CARZO_216;-70.66127795;-17.43177303
CARZO_217;-70.65908222;-17.4307118
CARZO_218;-70.65907401;-17.4307175
CARZO_219;-70.65906546;-17.43069679
CARZO_220;-70.65906714;-17.43069277
CARZO_221;-70.65898282;-17.43070434
CARZO_222;-70.65898282;-17.43070434
CARZO_223;-70.70677768;-17.47418907
CARZO_224;-70.70682337;-17.47435494
CARZO_225;-70.7081659;-17.47365153
CARZO_226;-70.70817788;-17.47366352
CARZO_227;-70.70811669;-17.47362153
CARZO_228;-70.70801351;-17.47355204
CARZO_229;-70.70687517;-17.47351516
CARZO_230;-70.70698807;-17.47268091
CARZO_231;-70.70694566;-17.47212879
CARZO_232;-70.70566054;-17.47273908
CARZO_233;-70.70394519;-17.4713051
CARZO_234;-70.70174385;-17.47079507
CARZO_235;-70.70064121;-17.46918767
CARZO_236;-70.70061632;-17.46904015
CARZO_237;-70.70055513;-17.46903227
CARZO_238;-70.7006076;-17.46869766
CARZO_239;-70.70047441;-17.46856422
CARZO_240;-70.6996151;-17.4682333
CARZO_241;-70.69958484;-17.46821771
CARZO_242;-70.69940396;-17.46864025
CARZO_243;-70.69941351;-17.46865743
CARZO_244;-70.69969263;-17.4690756
CARZO_245;-70.69938384;-17.46832173
CARZO_246;-70.69907337;-17.46894845
CARZO_247;-70.69909098;-17.46897544
CARZO_248;-70.69902141;-17.46875298
CARZO_249;-70.69902082;-17.46875281
CARZO_250;-70.69909005;-17.46861896
CARZO_251;-70.69899199;-17.46862591
CARZO_252;-70.6986495;-17.46873613
CARZO_253;-70.69860508;-17.46872096
CARZO_254;-70.69881186;-17.46854905
CARZO_255;-70.69859385;-17.46836758
CARZO_256;-70.69858463;-17.46836138
CARZO_257;-70.69858572;-17.46832408
CARZO_258;-70.69820534;-17.46821118
CARZO_259;-70.69834624;-17.46811001
CARZO_260;-70.69834943;-17.46807748
CARZO_261;-70.69828279;-17.46808109
CARZO_262;-70.69828598;-17.46807262
CARZO_263;-70.69815237;-17.46786995
CARZO_264;-70.69792061;-17.46790515
CARZO_265;-70.69791692;-17.46792627
CARZO_266;-70.69790242;-17.46792351
CARZO_267;-70.69800694;-17.46766811
CARZO_268;-70.69802924;-17.46765269
CARZO_269;-70.69802958;-17.46764573
CARZO_270;-70.69806528;-17.46764607
CARZO_271;-70.6982641;-17.46749008
CARZO_272;-70.69847801;-17.46718314
CARZO_273;-70.69908829;-17.46714072
CARZO_274;-70.69908125;-17.46713092
CARZO_275;-70.69907891;-17.46712756
CARZO_276;-70.6990815;-17.46710409
CARZO_277;-70.69996529;-17.46588201
CARZO_278;-70.69988332;-17.46564304
CARZO_279;-70.7002476;-17.46575645
CARZO_280;-70.70024667;-17.4657588
CARZO_281;-70.70026536;-17.46568915
CARZO_282;-70.70033267;-17.46566651
CARZO_283;-70.70031985;-17.46577506
CARZO_284;-70.7003527;-17.46601688
CARZO_285;-70.70028925;-17.4660302
CARZO_286;-70.70080508;-17.46583222
CARZO_287;-70.70080776;-17.46583281
CARZO_288;-70.70078647;-17.46582644
CARZO_289;-70.70077473;-17.46578378
CARZO_290;-70.70084346;-17.46582024
CARZO_291;-70.70084799;-17.46581831
CARZO_292;-70.70097548;-17.46586064
CARZO_293;-70.70098453;-17.46585117
CARZO_294;-70.70099903;-17.46584924
CARZO_295;-70.70097447;-17.46590758
CARZO_296;-70.70156255;-17.46620329
CARZO_297;-70.70179003;-17.46614822
CARZO_298;-70.70178861;-17.4661473
CARZO_299;-70.70185214;-17.46627429
CARZO_300;-70.70071011;-17.46617672
CARZO_301;-70.70072226;-17.4660302
CARZO_302;-70.70065864;-17.46627219
CARZO_303;-70.70038397;-17.46625652
CARZO_304;-70.70037031;-17.46634763
CARZO_305;-70.70006101;-17.46754657
CARZO_306;-70.69999253;-17.46754054
CARZO_307;-70.70006965;-17.46771866
CARZO_308;-70.70057927;-17.46810892
CARZO_309;-70.70060072;-17.46811017
CARZO_310;-70.70127203;-17.46834076
CARZO_311;-70.70100398;-17.46940308
CARZO_312;-70.70120774;-17.46956041
CARZO_313;-70.70203537;-17.46935899
CARZO_314;-70.70203713;-17.46935438
CARZO_315;-70.70199916;-17.46897569
CARZO_316;-70.702431;-17.4700158
CARZO_317;-70.70269913;-17.47009233
CARZO_318;-70.70483224;-17.47149026
CARZO_319;-70.70628005;-17.47130108
CARZO_320;-70.70587512;-17.47073631
CARZO_321;-70.70592818;-17.47072382
CARZO_322;-70.70593564;-17.470727
CARZO_323;-70.70595433;-17.47075316
CARZO_324;-70.70599054;-17.47077302
CARZO_325;-70.70601778;-17.47077478
CARZO_326;-70.7060793;-17.47078911
CARZO_327;-70.70608953;-17.47079004
CARZO_328;-70.70609104;-17.4707861
CARZO_329;-70.70611493;-17.47073606
CARZO_330;-70.70614217;-17.4707141
CARZO_331;-70.70617276;-17.47074553
CARZO_332;-70.7062487;-17.47077168
CARZO_333;-70.70626446;-17.47076564
CARZO_334;-70.70626521;-17.47076581
CARZO_335;-70.70629665;-17.47075081
CARZO_336;-70.70635926;-17.4707467
CARZO_337;-70.70636965;-17.47074058
CARZO_338;-70.70659613;-17.47079171
CARZO_339;-70.70663352;-17.47079213
CARZO_340;-70.70664098;-17.4707752
CARZO_341;-70.70666243;-17.47075886
CARZO_342;-70.70669613;-17.47078149
CARZO_343;-70.7067367;-17.4707861
CARZO_344;-70.70683602;-17.47078895
CARZO_345;-70.70685103;-17.47080487
CARZO_346;-70.70691749;-17.47080697
CARZO_347;-70.70697131;-17.47263464
CARZO_348;-70.69773881;-17.46718213
CARZO_349;-70.69761031;-17.46694635
CARZO_350;-70.69758978;-17.46694475
CARZO_351;-70.69758366;-17.4669419
CARZO_352;-70.69758534;-17.46694023
CARZO_353;-70.69621623;-17.46749595
CARZO_354;-70.69636761;-17.4670709
CARZO_355;-70.69617483;-17.46701013
CARZO_356;-70.69577384;-17.46722488
CARZO_357;-70.69518208;-17.46665223
CARZO_358;-70.69501335;-17.46643262
CARZO_359;-70.69462334;-17.46608293
CARZO_360;-70.69455804;-17.46604973
CARZO_361;-70.69365657;-17.46566182
CARZO_362;-70.69362648;-17.4656837
CARZO_363;-70.69363645;-17.46562737
CARZO_364;-70.69326891;-17.46520031
CARZO_365;-70.69319154;-17.46500317
CARZO_366;-70.69285945;-17.46474953
CARZO_367;-70.69287848;-17.46469757
CARZO_368;-70.69305894;-17.46468659
CARZO_369;-70.69284118;-17.46396105
CARZO_370;-70.69231647;-17.46338957
CARZO_371;-70.69300588;-17.46374446
CARZO_372;-70.69327218;-17.46431351
CARZO_373;-70.69347829;-17.46433329
CARZO_374;-70.69353562;-17.46472808
CARZO_375;-70.69367132;-17.46479974
CARZO_376;-70.69517881;-17.4652729
CARZO_377;-70.69526556;-17.46527206
CARZO_378;-70.69526296;-17.46558814
CARZO_379;-70.69527922;-17.46560994
CARZO_380;-70.69527914;-17.46560985
CARZO_381;-70.69539095;-17.46566811
CARZO_382;-70.69539263;-17.46566417
CARZO_383;-70.69539548;-17.46567154
CARZO_384;-70.6955984;-17.46599911
CARZO_385;-70.69502751;-17.46492178
CARZO_386;-70.69512349;-17.46482933
CARZO_387;-70.69513933;-17.4648357
CARZO_388;-70.69515752;-17.46484064
CARZO_389;-70.69468486;-17.46499948
CARZO_390;-70.69466617;-17.46487828
CARZO_391;-70.69441823;-17.4648238
CARZO_392;-70.69439585;-17.46478683
CARZO_393;-70.69430675;-17.46453672
CARZO_394;-70.69436727;-17.46445533
CARZO_395;-70.6943666;-17.46443924
CARZO_396;-70.69436182;-17.46415232
CARZO_397;-70.69454513;-17.46401343
CARZO_398;-70.6948748;-17.46355067
CARZO_399;-70.69492366;-17.46356794
CARZO_400;-70.69479994;-17.46319804
CARZO_401;-70.69503313;-17.46296209
CARZO_402;-70.695083;-17.46230445
CARZO_403;-70.69564233;-17.46244711
CARZO_404;-70.69590108;-17.4624549
CARZO_405;-70.6960496;-17.46177362
CARZO_406;-70.69623007;-17.46177086
CARZO_407;-70.69686332;-17.46290753
CARZO_408;-70.69726322;-17.4635132
CARZO_409;-70.6975767;-17.46413841
CARZO_410;-70.69776538;-17.46440529
CARZO_411;-70.69755684;-17.46460654
CARZO_412;-70.69753278;-17.46457192
CARZO_413;-70.69752239;-17.4645767
CARZO_414;-70.69750495;-17.46456262
CARZO_415;-70.69750411;-17.46452875
CARZO_416;-70.69778927;-17.4649113
CARZO_417;-70.69809219;-17.46569376
CARZO_418;-70.69798792;-17.46591772
CARZO_419;-70.6982496;-17.46609919
CARZO_420;-70.69807501;-17.46630228
CARZO_421;-70.69857926;-17.46617245
CARZO_422;-70.6987277;-17.46621829
CARZO_423;-70.69876299;-17.46644821
CARZO_424;-70.69863592;-17.46667922
CARZO_425;-70.69834884;-17.46680553
CARZO_426;-70.70878691;-17.47728651
CARZO_427;-70.71075054;-17.47886441
CARZO_428;-70.71500276;-17.49750366
CARZO_429;-70.71499958;-17.49750056
CARZO_430;-70.71499564;-17.4974962
CARZO_431;-70.71499589;-17.49749235
CARZO_432;-70.71505959;-17.49739051
CARZO_433;-70.71504903;-17.4973776
CARZO_434;-70.71504794;-17.4973315
CARZO_435;-70.7150502;-17.49733049
CARZO_436;-70.71515012;-17.49726227
CARZO_437;-70.71515154;-17.49725665
CARZO_438;-70.71515104;-17.49725615
CARZO_439;-70.71516646;-17.49722128
CARZO_440;-70.71516654;-17.49721985
CARZO_441;-70.71519018;-17.49714048
CARZO_442;-70.71539428;-17.4969632
CARZO_443;-70.71579125;-17.49410011
CARZO_444;-70.71489371;-17.49280578
CARZO_445;-70.71490687;-17.49287115
CARZO_446;-70.71478358;-17.48377201
CARZO_447;-70.71365864;-17.48339449
CARZO_448;-70.71563157;-17.4839306
CARZO_449;-70.71568002;-17.48379104
CARZO_450;-70.71561288;-17.48378576
CARZO_451;-70.71568295;-17.4836985
CARZO_452;-70.71574171;-17.48366514
CARZO_453;-70.71670605;-17.48332148
CARZO_454;-70.7167006;-17.48331629
CARZO_455;-70.71685634;-17.48315686
CARZO_456;-70.71679045;-17.48251841
CARZO_457;-70.7167146;-17.48229629
CARZO_458;-70.71671518;-17.4823154
CARZO_459;-70.71659088;-17.48225396
CARZO_460;-70.71652642;-17.48216914
CARZO_461;-70.71575236;-17.48110062
CARZO_462;-70.71584539;-17.48083851
CARZO_463;-70.7157775;-17.48083608
CARZO_464;-70.71548129;-17.48087833
CARZO_465;-70.71490981;-17.48090188
CARZO_466;-70.71505062;-17.47850642
CARZO_467;-70.7150668;-17.47849074
CARZO_468;-70.71488726;-17.47843039
CARZO_469;-70.71487242;-17.47818078
CARZO_470;-70.714885;-17.47803586
CARZO_471;-70.71406483;-17.47688569
CARZO_472;-70.71389266;-17.47568113
CARZO_473;-70.71423917;-17.47545968
CARZO_474;-70.71199492;-17.47600702
CARZO_475;-70.71130215;-17.47597441
CARZO_476;-70.71259288;-17.47784265
CARZO_477;-70.71209198;-17.47777669
CARZO_478;-70.71026967;-17.4776927
CARZO_479;-70.71625267;-17.5023935
CARZO_480;-70.71646574;-17.50218471
CARZO_481;-70.71657269;-17.5021858
CARZO_482;-70.71654746;-17.50218345
CARZO_483;-70.71664268;-17.50224531
CARZO_484;-70.71668853;-17.5022464
CARZO_485;-70.71670102;-17.50224682
CARZO_486;-70.71673589;-17.50222418
CARZO_487;-70.7167317;-17.50222335
CARZO_488;-70.71676665;-17.50225595
CARZO_489;-70.71678417;-17.5022495
CARZO_490;-70.71683773;-17.50224472
CARZO_491;-70.71686254;-17.50222829
CARZO_492;-70.71756377;-17.50457967
CARZO_493;-70.71757433;-17.50458243
CARZO_494;-70.71763854;-17.50458076
CARZO_495;-70.7177672;-17.50456634
CARZO_496;-70.71817523;-17.50463457
CARZO_497;-70.71818613;-17.50463557
CARZO_498;-70.7184556;-17.50591164
CARZO_499;-70.71940829;-17.50855596
CARZO_500;-70.72173393;-17.51467416
CARZO_501;-70.72360368;-17.51550732
CARZO_502;-70.7241071;-17.51573028
CARZO_503;-70.72654741;-17.52609928
CARZO_504;-70.72588943;-17.52555488
CARZO_505;-70.72515182;-17.52554591
CARZO_506;-70.72768299;-17.53339271
CARZO_507;-70.73053133;-17.53604332
CARZO_508;-70.73060132;-17.53680532
CARZO_509;-70.71488399;-17.50539891
CARZO_510;-70.7261465;-17.5308395
CARZO_511;-70.72847759;-17.54126173
CARZO_512;-70.72865185;-17.54117439
CARZO_513;-70.72865185;-17.5411743
CARZO_514;-70.7286516;-17.54117489
CARZO_515;-70.72850442;-17.5413411
CARZO_516;-70.72845153;-17.54140581
CARZO_517;-70.7282968;-17.5413732
CARZO_518;-70.7283543;-17.54154512
CARZO_519;-70.72756246;-17.54155417
CARZO_520;-70.72793813;-17.54215859
CARZO_521;-70.72793151;-17.54215473
CARZO_522;-70.72825522;-17.5428024
CARZO_523;-70.72823552;-17.54280224
CARZO_524;-70.72824902;-17.54279729
CARZO_525;-70.72823519;-17.54276695
CARZO_526;-70.72816604;-17.54278748
CARZO_527;-70.72814223;-17.54279704
CARZO_528;-70.72811566;-17.54281657
CARZO_529;-70.72718929;-17.54236839
CARZO_530;-70.72719231;-17.54235246
CARZO_531;-70.72718259;-17.54232036
CARZO_532;-70.72718653;-17.54229454
CARZO_533;-70.72718477;-17.54227661
CARZO_534;-70.72717655;-17.54219681
CARZO_535;-70.72717178;-17.54220192
CARZO_536;-70.72717798;-17.54218072
CARZO_537;-70.72718561;-17.54210964
CARZO_538;-70.72717714;-17.54210855
CARZO_539;-70.72718301;-17.54209983
CARZO_540;-70.72719164;-17.54203051
CARZO_541;-70.72718946;-17.54203135
CARZO_542;-70.72719005;-17.54202968
CARZO_543;-70.72719114;-17.54194334
CARZO_544;-70.72718636;-17.54194393
CARZO_545;-70.72718326;-17.54191451
CARZO_546;-70.72717387;-17.5419078
CARZO_547;-70.72910883;-17.54356734
CARZO_548;-70.72748518;-17.544013
CARZO_549;-70.7272188;-17.54450686
CARZO_550;-70.72762976;-17.54627201
CARZO_551;-70.72783261;-17.5463073
CARZO_552;-70.72785876;-17.54648306
CARZO_553;-70.72792254;-17.54725914
CARZO_554;-70.72820183;-17.54789365
CARZO_555;-70.7304082;-17.54699495
CARZO_556;-70.7307936;-17.5479245
CARZO_557;-70.73081262;-17.54870309
CARZO_558;-70.73023587;-17.54767707
CARZO_559;-70.72757553;-17.54769484
CARZO_560;-70.72755667;-17.54750624
CARZO_561;-70.72694538;-17.54755016
CARZO_562;-70.72687908;-17.54753684
CARZO_563;-70.72753706;-17.54815777
CARZO_564;-70.72801718;-17.548428
CARZO_565;-70.72856686;-17.54933191
CARZO_566;-70.72904438;-17.54978822
CARZO_567;-70.72909894;-17.54977045
CARZO_568;-70.72906927;-17.54976466
CARZO_569;-70.72905242;-17.54981009
CARZO_570;-70.72917606;-17.55026883
CARZO_571;-70.72904203;-17.55079991
CARZO_572;-70.72908897;-17.55101667
CARZO_573;-70.7314815;-17.55034209
CARZO_574;-70.73148611;-17.55030236
CARZO_575;-70.73048866;-17.55194304
CARZO_576;-70.73052269;-17.55307937
CARZO_577;-70.73019706;-17.55306839
CARZO_578;-70.73019169;-17.55307627
CARZO_579;-70.72930112;-17.55513604
CARZO_580;-70.72934286;-17.55512883
CARZO_581;-70.72977813;-17.55899205
CARZO_582;-70.72976958;-17.55898627
CARZO_583;-70.73099904;-17.56051127
CARZO_584;-70.73076367;-17.56016501
CARZO_585;-70.72940178;-17.56332071
CARZO_586;-70.72904421;-17.56385556
CARZO_587;-70.72904765;-17.5639025
CARZO_588;-70.72904781;-17.56390309
CARZO_589;-70.72904304;-17.56390904
CARZO_590;-70.72904329;-17.56391055
CARZO_591;-70.729037;-17.56401784
CARZO_592;-70.72903591;-17.56401306
CARZO_593;-70.7290303;-17.56404893
CARZO_594;-70.72903809;-17.56405061
CARZO_595;-70.72903482;-17.56406394
CARZO_596;-70.72903432;-17.56407249
CARZO_597;-70.72902703;-17.56408548
CARZO_598;-70.72902082;-17.56407936
CARZO_599;-70.72902166;-17.56408112
CARZO_600;-70.72902183;-17.56408338
CARZO_601;-70.7290246;-17.56411708
CARZO_602;-70.72902451;-17.56411733
CARZO_603;-70.72902535;-17.56412035
CARZO_604;-70.72903055;-17.56411146
CARZO_605;-70.72906542;-17.56420601
CARZO_606;-70.72902242;-17.56451522
CARZO_607;-70.74274963;-17.59631222
CARZO_608;-70.73951891;-17.59289282
CARZO_609;-70.73873118;-17.59013811
CARZO_610;-70.73844594;-17.58930855
CARZO_611;-70.7382312;-17.58879097
CARZO_612;-70.73894592;-17.58575295
CARZO_613;-70.73894609;-17.58575278
CARZO_614;-70.73932168;-17.58589896
CARZO_615;-70.73949049;-17.58605679
CARZO_616;-70.73821753;-17.58431143
CARZO_617;-70.73812206;-17.58404271
CARZO_618;-70.73808485;-17.58390105
CARZO_619;-70.73804897;-17.58378496
CARZO_620;-70.73802324;-17.58372545
CARZO_621;-70.73789869;-17.5836221
CARZO_622;-70.73789659;-17.58362344
CARZO_623;-70.73782149;-17.58355178
CARZO_624;-70.73787622;-17.5833253
CARZO_625;-70.73782761;-17.5831875
CARZO_626;-70.73778603;-17.58298466
CARZO_627;-70.73774362;-17.58293252
CARZO_628;-70.73774119;-17.58287142
CARZO_629;-70.73773381;-17.58268819
CARZO_630;-70.73768335;-17.58254863
CARZO_631;-70.73728907;-17.58174255
CARZO_632;-70.73731673;-17.58170592
CARZO_633;-70.7372345;-17.58170273
CARZO_634;-70.73722453;-17.58170013
CARZO_635;-70.73703149;-17.58209316
CARZO_636;-70.73701029;-17.58285055
CARZO_637;-70.73681817;-17.58307141
CARZO_638;-70.73667007;-17.58294133
CARZO_639;-70.73648298;-17.5827736
CARZO_640;-70.73620261;-17.58304652
CARZO_641;-70.7361871;-17.58304426
CARZO_642;-70.73654945;-17.58198772
CARZO_643;-70.73658834;-17.58196676
CARZO_644;-70.73651056;-17.58191345
CARZO_645;-70.73657694;-17.58179535
CARZO_646;-70.73669152;-17.5817718
CARZO_647;-70.73665448;-17.58115162
CARZO_648;-70.73656303;-17.58094853
CARZO_649;-70.73633479;-17.58062247
CARZO_650;-70.73578577;-17.58078223
CARZO_651;-70.73519024;-17.58011109
CARZO_652;-70.73515286;-17.57958798
CARZO_653;-70.73550381;-17.57989283
CARZO_654;-70.73592693;-17.57961472
CARZO_655;-70.73503442;-17.57836087
CARZO_656;-70.73453;-17.57685724
CARZO_657;-70.73434811;-17.57656781
CARZO_658;-70.73456713;-17.57594017
CARZO_659;-70.73271909;-17.57566198
CARZO_660;-70.73275538;-17.57551429
CARZO_661;-70.73264365;-17.5752278
CARZO_662;-70.73215817;-17.57454123
CARZO_663;-70.73218332;-17.57453897
CARZO_664;-70.73215197;-17.57451542
CARZO_665;-70.73201685;-17.57338998
CARZO_666;-70.73212615;-17.57400731
CARZO_667;-70.73366281;-17.56986849
CARZO_668;-70.73368619;-17.56987545
CARZO_669;-70.73368988;-17.56986413
CARZO_670;-70.73372182;-17.56984745
CARZO_671;-70.73369055;-17.56982725
CARZO_672;-70.73366029;-17.56974913
CARZO_673;-70.73367731;-17.56972499
CARZO_674;-70.73136164;-17.56982465
CARZO_675;-70.73142065;-17.57008541
CARZO_676;-70.73109141;-17.56983421
CARZO_677;-70.7309371;-17.56969364
CARZO_678;-70.73070374;-17.56961854
CARZO_679;-70.73041113;-17.56971921
CARZO_680;-70.73069653;-17.56925301
CARZO_681;-70.73086526;-17.56920221
CARZO_682;-70.73075948;-17.56885822
CARZO_683;-70.73057684;-17.5688899
CARZO_684;-70.72993948;-17.56890792
CARZO_685;-70.72970697;-17.56933062
CARZO_686;-70.72980068;-17.56860752
CARZO_687;-70.73053904;-17.56811089
CARZO_688;-70.73047861;-17.56757646
CARZO_689;-70.73078203;-17.56745643
CARZO_690;-70.73094816;-17.56695
CARZO_691;-70.73096006;-17.56695477
CARZO_692;-70.73169013;-17.56635605
CARZO_693;-70.73167873;-17.56635714
CARZO_694;-70.73148284;-17.56600686
CARZO_695;-70.73124454;-17.56608171
CARZO_696;-70.73124203;-17.56607635
CARZO_697;-70.73128168;-17.56591751
CARZO_698;-70.73118579;-17.56620719
CARZO_699;-70.73038179;-17.56608783
CARZO_700;-70.72925191;-17.56674631
CARZO_701;-70.72911931;-17.56752139
CARZO_702;-70.72922434;-17.56781962
CARZO_703;-70.72921562;-17.56786496
CARZO_704;-70.72878395;-17.56737672
CARZO_705;-70.68302178;-17.45259225
CARZO_706;-70.68244938;-17.45243845
CARZO_707;-70.68157883;-17.4518466
CARZO_708;-70.68091432;-17.45137076
CARZO_709;-73.86338088;-12.39851167
CARZO_710;-70.68075607;-17.45153463
CARZO_711;-70.6800861;-17.45068302
CARZO_712;-70.68243932;-17.4504511
CARZO_713;-70.68338094;-17.45097287
CARZO_714;-70.68346434;-17.45123606
CARZO_715;-70.68346082;-17.451239
CARZO_716;-70.68405602;-17.45135525
CARZO_717;-70.68403867;-17.45157494
CARZO_718;-70.68437194;-17.45172037
CARZO_719;-70.68404068;-17.45196302
CARZO_720;-70.68399852;-17.45198364
CARZO_721;-70.68400271;-17.45198004
CARZO_722;-70.68400498;-17.45198213
CARZO_723;-70.6854532;-17.45228992
CARZO_724;-70.68547432;-17.45226888
CARZO_725;-70.68586249;-17.45074228
CARZO_726;-70.68583231;-17.45148903
CARZO_727;-70.68593491;-17.45187418
CARZO_728;-70.68695256;-17.45185926
CARZO_729;-70.68672842;-17.45215145
CARZO_730;-70.68693462;-17.45216872
CARZO_731;-70.68729454;-17.45223242
CARZO_732;-70.68730728;-17.45236427
CARZO_733;-70.68801362;-17.45259024
CARZO_734;-70.68823197;-17.45233937
CARZO_735;-70.68882759;-17.45241657
CARZO_736;-70.68986745;-17.4529505
CARZO_737;-70.69093027;-17.45378659
CARZO_738;-70.69092994;-17.45380755
CARZO_739;-70.69128114;-17.45549742
CARZO_740;-70.69086732;-17.45579322
CARZO_741;-70.69100353;-17.45696677
CARZO_742;-70.69108131;-17.45715193
CARZO_743;-70.69119732;-17.45724706
CARZO_744;-70.69238554;-17.45661372
CARZO_745;-70.69235075;-17.45655371
CARZO_746;-70.69236668;-17.45658657
CARZO_747;-70.69240255;-17.45668212
CARZO_748;-70.69254513;-17.4568024
CARZO_749;-70.69256013;-17.45688781
CARZO_750;-70.69266725;-17.45700348
CARZO_751;-70.69274445;-17.45702159
CARZO_752;-70.69271687;-17.45709417
CARZO_753;-70.69288937;-17.45765693
CARZO_754;-70.69302432;-17.4577493
CARZO_755;-70.69221882;-17.45820276
CARZO_756;-70.69223165;-17.45820679
CARZO_757;-70.69208731;-17.45894029
CARZO_758;-70.69214934;-17.45941646
CARZO_759;-70.69224095;-17.459466
CARZO_760;-70.69250682;-17.45981452
CARZO_761;-70.69253465;-17.45990538
CARZO_762;-70.69319028;-17.4587408
CARZO_763;-70.69323169;-17.45874918
CARZO_764;-70.69325298;-17.45886703
CARZO_765;-70.69337083;-17.45897599
CARZO_766;-70.69343437;-17.45901723
CARZO_767;-70.69346068;-17.45911723
CARZO_768;-70.69402772;-17.4591604
CARZO_769;-70.69397072;-17.45920356
CARZO_770;-70.6940646;-17.45939995
CARZO_771;-70.6938776;-17.45980849
CARZO_772;-70.69399679;-17.46038843
CARZO_773;-70.69370854;-17.46045515
CARZO_774;-70.69360075;-17.46032506
CARZO_775;-70.69462996;-17.46093686
CARZO_776;-70.69474814;-17.46106083
CARZO_777;-70.69460901;-17.46135
CARZO_778;-70.69471587;-17.4613697
CARZO_779;-70.69486591;-17.46139887
CARZO_780;-70.69489667;-17.46139971
CARZO_781;-70.6948266;-17.46184395
CARZO_782;-70.69469802;-17.46205014
CARZO_783;-70.69429443;-17.46208895
CARZO_784;-70.693817;-17.46249673
CARZO_785;-70.69289742;-17.46242163
CARZO_786;-70.69255535;-17.46227394
CARZO_787;-70.6924966;-17.46217931
CARZO_788;-70.69190576;-17.46263897
CARZO_789;-70.69178414;-17.4625896
CARZO_790;-70.69168464;-17.46259203
CARZO_791;-70.69140628;-17.46242926
CARZO_792;-70.69122615;-17.46233043
CARZO_793;-70.69124878;-17.46228039
CARZO_794;-70.69133461;-17.46224896
CARZO_795;-70.69158465;-17.46214226
CARZO_796;-70.6915709;-17.46212893
CARZO_797;-70.69122531;-17.46208744
CARZO_798;-70.69136051;-17.46194352
CARZO_799;-70.6913611;-17.46180388
CARZO_800;-70.69113001;-17.46188192
CARZO_801;-70.69106296;-17.46178092
CARZO_802;-70.69102817;-17.46175242
CARZO_803;-70.69106329;-17.46168695
CARZO_804;-70.69080681;-17.46156584
CARZO_805;-70.69184449;-17.46164454
CARZO_806;-70.69195018;-17.46174512
CARZO_807;-70.69213986;-17.46155695
CARZO_808;-70.69220977;-17.46143633
CARZO_809;-70.69233902;-17.46116476
CARZO_810;-70.69237573;-17.46104071
CARZO_811;-70.69245134;-17.4607434
CARZO_812;-70.69227615;-17.46076905
CARZO_813;-70.69200659;-17.46079001
CARZO_814;-70.69198086;-17.46104113
CARZO_815;-70.69199377;-17.46119091
CARZO_816;-70.69105583;-17.46102235
CARZO_817;-70.69112599;-17.46079428
CARZO_818;-70.69118391;-17.46060904
CARZO_819;-70.69122221;-17.46059571
CARZO_820;-70.69109447;-17.46055598
CARZO_821;-70.69085718;-17.46081968
CARZO_822;-70.69058552;-17.460703
CARZO_823;-70.69065417;-17.46028726
CARZO_824;-70.69053624;-17.4595898
CARZO_825;-70.69050799;-17.45958352
CARZO_826;-70.69038176;-17.45933717
CARZO_827;-70.6904204;-17.45934765
CARZO_828;-70.69004942;-17.45955418
CARZO_829;-70.69079817;-17.45855732
CARZO_830;-70.69056214;-17.45844861
CARZO_831;-70.69052165;-17.4584331
CARZO_832;-70.68990299;-17.45778719
CARZO_833;-70.68975287;-17.45796111
CARZO_834;-70.68947936;-17.45783748
CARZO_835;-70.68928977;-17.45798366
CARZO_836;-70.68916647;-17.45783178
CARZO_837;-70.68944684;-17.45694389
CARZO_838;-70.68924333;-17.45646025
CARZO_839;-70.68917569;-17.45636218
CARZO_840;-70.68863564;-17.45659495
CARZO_841;-70.6884701;-17.45647165
CARZO_842;-70.68803575;-17.45605859
CARZO_843;-70.68806559;-17.45596798
CARZO_844;-70.68833607;-17.45583127
CARZO_845;-70.68836784;-17.45586623
CARZO_846;-70.68802385;-17.45559147
CARZO_847;-70.6879184;-17.4554079
CARZO_848;-70.68732597;-17.45532517
CARZO_849;-70.68711676;-17.45544847
CARZO_850;-70.68736997;-17.4544439
CARZO_851;-70.68716839;-17.45444893
CARZO_852;-70.68714551;-17.45445605
CARZO_853;-70.68662264;-17.45475319
CARZO_854;-70.67380361;-17.43882657
CARZO_855;-70.67381862;-17.43876647
CARZO_856;-70.67383463;-17.43876748
CARZO_857;-70.67369901;-17.43870352
CARZO_858;-70.67327606;-17.43846053
CARZO_859;-70.67296048;-17.43810799
CARZO_860;-70.67294162;-17.4381644
CARZO_861;-70.67270894;-17.43807823
CARZO_862;-70.67271698;-17.43808385
CARZO_863;-70.67269695;-17.4381307
CARZO_864;-70.67265789;-17.43811847
CARZO_865;-70.67255722;-17.43816138
CARZO_866;-70.67265454;-17.43801076
CARZO_867;-70.67265647;-17.43797866
CARZO_868;-70.67268748;-17.43794421
CARZO_869;-70.67276568;-17.4379282
CARZO_870;-70.67430996;-17.43886286
CARZO_871;-70.67431038;-17.43893302
CARZO_872;-70.67427124;-17.43897652
CARZO_873;-70.67433184;-17.43894652
CARZO_874;-70.67432966;-17.43910703
CARZO_875;-70.67435288;-17.43910896
CARZO_876;-70.67436143;-17.43915816
CARZO_877;-70.67449059;-17.4390844
CARZO_878;-70.6745258;-17.4390652
CARZO_879;-70.67457827;-17.43880553
CARZO_880;-70.6746154;-17.43879874
CARZO_881;-70.67488907;-17.43901558
CARZO_882;-70.67517883;-17.43900309
CARZO_883;-70.67524245;-17.43898499
CARZO_884;-70.67530548;-17.43901634
CARZO_885;-70.67572684;-17.43918666
CARZO_886;-70.67585525;-17.43934742
CARZO_887;-70.6758814;-17.43936863
CARZO_888;-70.67595248;-17.43947407
CARZO_889;-70.67615164;-17.44000213
CARZO_890;-70.67607008;-17.4400821
CARZO_891;-70.67668196;-17.44024923
CARZO_892;-70.67686385;-17.4402385
CARZO_893;-70.67719242;-17.44016809
CARZO_894;-70.67748369;-17.44020062
CARZO_895;-70.6774577;-17.44034722
CARZO_896;-70.67717174;-17.43999358
CARZO_897;-70.67738876;-17.44066701
CARZO_898;-70.67745429;-17.44070893
CARZO_899;-70.67717174;-17.43999358
CARZO_900;-70.67768302;-17.44079944
CARZO_901;-70.67800471;-17.44072817
CARZO_902;-70.67819548;-17.44039365
CARZO_903;-70.67829438;-17.44039809
CARZO_904;-70.67806246;-17.44066564
CARZO_905;-70.6783694;-17.44077888
CARZO_906;-70.678444;-17.44089916
CARZO_907;-70.67819146;-17.44119982
CARZO_908;-70.67802365;-17.44128398
CARZO_909;-70.67808945;-17.44138992
CARZO_910;-70.67848331;-17.44151968
CARZO_911;-70.67249675;-17.43802059
CARZO_912;-70.67244285;-17.43805593
CARZO_913;-70.67255902;-17.43830498
CARZO_914;-70.67220088;-17.43824798
CARZO_915;-70.67214752;-17.4382694
CARZO_916;-70.67245882;-17.43802136
CARZO_917;-70.67204628;-17.43774833
CARZO_918;-70.6719712;-17.4377214
CARZO_919;-70.67193717;-17.43769602
CARZO_920;-70.67104775;-17.4381777
CARZO_921;-70.67175282;-17.43743354
CARZO_922;-70.67218534;-17.436233
CARZO_923;-70.6696171;-17.43799425
CARZO_924;-70.66971877;-17.43771563
CARZO_925;-70.67156343;-17.43694953
CARZO_926;-70.67813318;-17.44115943
CARZO_927;-70.67676981;-17.44231378
CARZO_928;-70.67677584;-17.4420572
CARZO_929;-70.67692561;-17.44270563
CARZO_930;-70.67707272;-17.44086937
CARZO_931;-70.67720797;-17.44273117
CARZO_932;-70.67725652;-17.44279031
CARZO_933;-70.67763387;-17.44321697
CARZO_934;-70.67726404;-17.4430868
CARZO_935;-70.67763387;-17.44321697
CARZO_936;-70.67739902;-17.44316835
CARZO_937;-70.67763387;-17.44321697
CARZO_938;-70.67763518;-17.44335972
CARZO_939;-70.67763387;-17.44321697
CARZO_940;-70.67801114;-17.44376914
CARZO_941;-70.67765571;-17.44375244
CARZO_942;-70.67786502;-17.44369447
CARZO_943;-70.67797973;-17.44385434
CARZO_944;-70.67801114;-17.44376914
CARZO_945;-70.67824755;-17.4436691
CARZO_946;-70.67851565;-17.44505739
CARZO_947;-70.67806992;-17.44253992
CARZO_948;-70.67783372;-17.44297377
CARZO_949;-70.67805114;-17.44326957
CARZO_950;-70.67910651;-17.44507092
CARZO_951;-70.67929845;-17.44583074
CARZO_952;-70.67937615;-17.44595806
CARZO_953;-70.67908891;-17.44654488
CARZO_954;-70.67920634;-17.4469918
CARZO_955;-70.67921815;-17.44702566
CARZO_956;-70.67891146;-17.44746395
CARZO_957;-70.67908882;-17.44775221
CARZO_958;-70.67834447;-17.44595854
CARZO_959;-70.67841744;-17.44550739
CARZO_960;-70.67866731;-17.44642587
CARZO_961;-70.67885309;-17.44650174
CARZO_962;-70.67896232;-17.44572363
CARZO_963;-70.67899127;-17.44593447
CARZO_964;-70.67893768;-17.44683671
CARZO_965;-70.67916517;-17.4464514
CARZO_966;-70.67888296;-17.44157979
CARZO_967;-70.6785881;-17.4401573
CARZO_968;-70.67875821;-17.44124813
CARZO_969;-70.67875821;-17.44124813
CARZO_970;-70.67882456;-17.44138013
CARZO_971;-70.67916687;-17.441538
CARZO_972;-70.67991434;-17.44134492
CARZO_973;-70.67939736;-17.44165578
CARZO_974;-70.67934306;-17.44227384
CARZO_975;-70.67916594;-17.44241304
CARZO_976;-70.67916983;-17.4433832
CARZO_977;-70.68012072;-17.44267408
CARZO_978;-70.67951272;-17.44410635
CARZO_979;-70.67902584;-17.44156738
CARZO_980;-70.68040945;-17.44207979
CARZO_981;-70.68006378;-17.44165811
CARZO_982;-70.6798053;-17.44149556
CARZO_983;-70.6799134;-17.44218816
CARZO_984;-70.67987194;-17.44362242
CARZO_985;-70.68005274;-17.44475861
CARZO_986;-70.68018704;-17.44457016
CARZO_987;-70.6805412;-17.44526981
CARZO_988;-70.68035912;-17.44509325
CARZO_989;-70.68035912;-17.44509325
CARZO_990;-70.68047667;-17.44522418
CARZO_991;-70.68047667;-17.44522418
CARZO_992;-70.68058329;-17.44570309
CARZO_993;-70.68033845;-17.44562211
CARZO_994;-70.68060126;-17.4460819
CARZO_995;-70.68077175;-17.44618519
CARZO_996;-70.68090346;-17.44609327
CARZO_997;-70.68088846;-17.4462236
CARZO_998;-70.68106142;-17.44648346
CARZO_999;-70.68107573;-17.44681134
CARZO_1000;-70.68083562;-17.44615845
CARZO_1001;-70.68100363;-17.4466793
CARZO_1002;-70.6810672;-17.44666151
CARZO_1003;-70.6810021;-17.44773481
CARZO_1004;-70.6808378;-17.44695142
CARZO_1005;-70.68139672;-17.44792782
CARZO_1006;-70.68133678;-17.44796167
CARZO_1007;-70.68128373;-17.4480082
CARZO_1008;-70.68065596;-17.44818736
CARZO_1009;-70.68023671;-17.44821331
CARZO_1010;-70.68019852;-17.44854552
CARZO_1011;-70.68014077;-17.44826436
